[
  {
    "menuId":"m0",
    "dishes":[{
      "dishId":"d0",
      "dishName":"Spicy Chicken"
    }]
  },
  {
    "menuId":"m1",
    "dishes":[
      {
        "dishId":"d1",
        "dishName":"Spicy Chicken"
      },
      {
        "dishId":"d1x",
        "dishName":"Chicken Tariyaki",
        "dishDescription":"zzzzzzzzz",
        "dishPrice":12
      }]
  },
  {
    "menuId":"m2",
    "dishes":[
      {
        "dishId":"d2",
        "dishName":"Sweet Sour Chicken"
      },
      {
        "dishId":"d2x",
        "dishName":"Chicken Tariyaki",
        "dishDescription":"zzzzzzzzz",
        "dishPrice":22
      }]
  },
  {
    "menuId":"m3",
    "dishes":[
      {
        "dishId":"d3",
        "dishName":"Spicy Chicken"
      },
      {
        "dishId":"d3x",
        "dishName":"Chicken Tariyaki",
        "dishDescription":"zzzzzzzzz",
        "dishPrice":22
      },
      {
        "dishId":"d333",
        "dishName":"Cheese Burger",
        "dishDescription":"sssss",
        "dishPrice":9
      }]
  }
]