{
  "orderId":"o1",
  "restaurantId":"4",
  "orderedFood":[
    {
      "dishId":"4d0",
      "dishName":"Chicken Tariyaki",
      "dishDescription":"***GOOD***",
      "dishPrice":42
    },
    {
      "dishId":"4d2",
      "dishName":"Pork Tariyaki",
      "dishDescription":"***GOOD***",
      "dishPrice":48
    },
    {
      "dishId":"4d2",
      "dishName":"Pork Tariyaki",
      "dishDescription":"***GOOD***",
      "dishPrice":48
    }
  ],
  "note":"No green onion please",
  "deliveryAddress":{
    "address1":"410 W 53RD ST",
    "address2":"APT 228",
    "city":"New York",
    "state":"NY",
    "zipCode":"10019"
  }
}